SA2_CODE_2021,C21_OD_H_f_so_FH_Tot,C21_OD_H_f_so_LP_H,C21_OD_H_f_so_GH,C21_OD_H_f_so_OH,C21_OD_H_f_so_Tot,C21_OD_Tot_FH_CF_no_ch,C21_OD_Tot_FH_CF_w_ch,C21_OD_Tot_FH_One_PFam,C21_OD_Tot_FH_oth_fa,C21_OD_Tot_FH_Tot,C21_OD_Tot_LP_H,C21_OD_Tot_GH,C21_OD_Tot_OH,C21_OD_Tot_Tot,C21_DS_ns_FH_CF_no_ch,C21_DS_ns_FH_CF_w_ch,C21_DS_ns_FH_One_PFam,C21_DS_ns_FH_oth_fa,C21_DS_ns_FH_Tot,C21_DS_ns_LP_H,C21_DS_ns_GH,C21_DS_ns_OH,C21_DS_NS_Tot,C21_Tot_FH_CF_no_ch,C21_Tot_FH_CF_w_ch,C21_Tot_FH_One_PFam,C21_Tot_FH_oth_fa,C21_Tot_FH_Tot,C21_Tot_LP_H,C21_Tot_GH,C21_Tot_OH,C21_Tot_Tot
201011001,0,0,0,0,0,0,0,0,0,0,0,0,6,4,5,0,0,0,5,3,0,0,15,1436,2247,759,36,4481,1092,183,175,5933
201011002,7,10,4,8,29,7,3,0,0,7,10,4,25,48,3,4,0,0,7,10,0,0,21,1381,1147,464,41,3032,1778,226,247,5284
201011005,0,0,0,0,0,0,0,0,0,0,0,0,0,5,3,0,0,0,3,5,0,3,12,804,924,247,17,1989,484,51,86,2604
201011006,0,0,0,0,0,0,0,0,0,0,0,0,0,0,7,3,0,0,5,5,0,0,13,1076,1188,573,49,2887,826,153,138,4006
201011007,0,0,0,0,0,0,0,0,0,0,0,0,0,0,0,0,0,0,0,0,0,0,0,419,641,100,12,1174,198,22,26,1422
201011008,0,0,0,0,0,0,0,0,0,0,0,0,0,5,0,0,0,0,0,0,0,0,6,1533,1343,939,83,3904,2085,216,318,6515
201011481,0,0,0,0,5,5,0,4,0,9,12,0,29,48,0,0,0,0,0,7,0,0,10,1038,801,514,39,2390,1513,206,212,4321
201011482,4,4,0,0,7,3,0,0,0,4,4,0,0,13,0,3,0,0,9,0,0,0,10,1622,1726,545,51,3942,1723,190,209,6074
201011483,6,0,0,0,3,0,3,0,0,6,0,0,12,14,0,0,0,0,0,6,0,0,9,1242,1140,605,52,3044,1556,265,226,5090
201011484,0,0,0,0,0,0,0,0,0,0,0,0,0,3,0,0,0,0,0,0,0,0,6,1255,961,956,66,3235,2300,241,333,6113
201021009,3,0,0,6,9,0,4,0,3,9,12,0,7,25,0,0,0,0,0,0,0,0,3,716,776,252,16,1762,577,47,166,2550
201021010,8,7,0,0,19,9,7,12,0,21,29,0,12,64,6,0,0,0,3,0,0,0,6,1075,774,304,24,2170,993,68,246,3476
201021011,9,3,0,0,15,3,7,0,0,9,16,0,13,45,5,0,0,0,10,5,0,6,17,1487,812,327,23,2660,1369,128,403,4567
201021012,0,0,0,0,0,3,0,0,0,3,0,0,0,7,0,0,0,0,0,0,0,0,4,711,786,190,17,1706,460,43,164,2375
201031013,4,0,0,0,7,3,3,0,0,8,7,0,9,29,0,0,0,0,4,0,0,0,4,510,276,130,9,927,484,29,149,1601
201031014,4,0,0,0,4,15,0,0,0,25,42,0,15,84,0,0,0,0,0,0,0,0,5,581,397,166,11,1157,546,39,137,1885
201031015,3,0,0,0,4,4,0,0,0,4,4,0,3,17,0,0,0,0,0,0,0,0,0,565,563,176,21,1320,420,28,121,1897
201031016,9,15,0,0,26,14,6,6,0,17,35,0,17,76,3,0,0,0,3,9,0,7,21,1027,593,459,36,2117,1418,107,198,3839
201031017,13,5,0,0,19,13,5,0,0,19,21,0,8,51,0,0,0,0,3,4,0,0,8,702,462,226,23,1420,757,54,236,2462
202011018,8,4,4,0,13,8,4,0,0,8,4,4,12,25,5,0,3,0,6,3,0,3,12,1451,1147,889,97,3580,2330,312,422,6649
202011019,4,6,0,0,7,0,0,0,0,4,7,0,0,9,9,0,0,0,11,3,3,0,22,1266,1194,817,87,3366,1649,158,262,5439
202011020,0,0,0,0,4,0,0,0,0,0,0,0,0,4,3,4,0,0,4,10,0,4,16,1600,1271,620,54,3551,1971,241,253,6015
202011021,0,0,0,0,0,0,0,0,0,0,0,0,7,7,0,0,0,0,0,9,0,0,7,905,884,529,43,2358,1292,199,172,4022
202011022,5,0,0,0,0,4,0,0,0,6,6,0,5,15,7,4,0,0,8,4,0,0,13,2261,1903,1161,104,5423,2871,291,398,8983
202011023,0,0,0,0,0,0,0,0,0,4,11,0,4,23,0,0,0,0,0,0,0,0,0,495,871,146,13,1521,199,31,45,1788
202011024,0,0,0,0,0,3,0,0,0,3,0,0,0,7,7,4,0,0,3,0,0,0,13,1092,1587,300,11,2994,493,40,100,3629
202011025,6,0,0,0,5,7,3,0,0,18,9,0,29,60,4,0,0,0,6,5,0,0,6,1406,1742,709,52,3900,1101,145,221,5370
202021026,0,0,0,0,0,7,0,0,0,13,8,0,14,33,0,0,0,0,0,0,0,0,0,957,1159,190,17,2320,384,40,160,2900
202021027,3,8,0,3,17,6,3,3,0,5,11,0,14,33,0,0,0,0,0,5,0,0,8,1374,936,548,32,2892,1701,147,253,4993
202021028,0,5,0,0,7,3,4,0,0,5,9,0,12,30,0,0,0,0,0,4,0,0,6,1351,884,305,32,2567,1135,92,299,4099
202021029,0,0,0,0,0,12,0,3,0,14,19,0,14,49,0,0,0,0,3,0,0,0,0,698,418,159,31,1305,659,69,228,2261
202021030,14,10,4,3,31,22,27,3,0,53,25,4,9,85,0,0,0,0,0,0,0,0,0,1283,1169,345,31,2834,1027,101,265,4226
202021031,0,3,0,0,3,0,0,0,0,0,3,0,0,4,0,0,0,0,3,0,0,0,0,875,1020,319,11,2224,608,49,132,3011
202031032,0,6,0,0,7,6,4,0,0,10,15,0,20,42,3,5,0,0,8,12,0,0,15,581,572,149,24,1325,388,37,191,1945
202031033,12,6,0,6,20,10,4,0,0,16,40,0,30,83,4,0,0,0,4,10,0,5,15,940,622,223,29,1822,972,76,371,3236
203011034,0,0,0,0,0,0,0,0,0,0,0,0,0,0,0,0,0,0,0,0,0,0,0,682,1173,231,6,2098,317,23,78,2518
203011035,0,0,0,0,0,0,0,0,0,0,0,0,5,8,0,0,0,0,0,0,0,0,0,828,1144,223,15,2204,431,42,159,2847
203011036,0,0,0,0,0,0,0,0,0,3,3,0,4,16,0,0,0,0,0,3,0,0,3,754,838,217,11,1821,472,43,139,2475
203021037,0,3,0,0,4,22,9,12,5,43,127,4,74,257,7,0,0,0,7,13,0,7,24,1481,1540,644,82,3745,2112,338,273,6471
203021039,8,8,4,7,22,8,3,4,0,13,9,4,27,55,0,3,0,0,0,13,0,8,24,1526,1167,498,76,3268,2166,390,396,6216
203021040,4,8,5,0,12,3,0,0,0,4,9,5,0,17,0,0,0,0,0,0,5,4,9,2175,2410,856,78,5519,2988,408,270,9181
203021042,0,0,0,0,0,0,0,0,0,0,0,0,0,3,3,0,0,0,4,4,0,0,10,2398,3119,644,53,6218,1839,288,202,8544
203021043,0,0,0,0,0,0,3,0,0,4,6,0,0,4,0,7,0,0,3,0,0,0,10,1900,2608,763,61,5330,1426,155,231,7144
203021044,0,0,0,0,0,10,0,4,0,16,45,4,8,68,0,0,0,0,0,0,0,0,0,1515,1584,584,50,3732,1202,93,126,5153
203021045,4,0,0,0,4,4,4,0,0,7,26,0,9,40,0,0,0,0,0,11,0,0,12,1696,1252,909,84,3945,2225,240,380,6791
203021046,4,0,0,0,11,4,0,0,0,4,0,0,0,12,4,4,0,0,9,0,0,0,8,1061,1300,352,22,2731,1144,144,135,4148
203021047,5,0,0,0,8,17,0,0,0,22,48,0,10,81,4,3,0,0,3,4,0,3,14,1681,1603,784,78,4150,1963,213,272,6589
203021485,0,0,0,0,0,0,0,0,0,0,0,0,0,0,0,0,3,0,0,3,0,0,7,1033,1212,357,38,2641,824,244,119,3826
203021486,43,21,5,5,69,9,27,5,0,43,21,5,9,70,0,0,0,0,0,0,0,7,15,1399,1753,1250,113,4509,1756,251,435,6950
203021487,0,0,0,0,0,6,4,0,0,8,13,0,21,45,0,4,0,0,4,0,0,0,6,2478,2940,981,98,6498,2133,411,275,9313
203021488,3,0,0,0,5,0,0,0,0,3,0,0,0,7,0,0,0,0,0,5,0,0,5,658,572,735,82,2049,1486,210,383,4128
203031048,0,4,0,0,4,0,0,0,0,0,4,0,4,3,0,0,0,0,0,0,0,0,0,2263,1816,735,59,4871,1640,140,172,6824
203031049,0,5,0,0,7,7,3,0,0,9,7,0,24,41,0,3,0,0,0,5,0,7,10,921,534,160,17,1634,723,70,533,2960
203031051,0,0,0,0,0,3,0,0,0,6,7,0,16,33,8,0,0,0,8,4,0,0,12,1722,679,314,47,2760,1282,93,350,4479
203031052,4,5,0,0,5,9,0,0,0,15,27,0,10,51,0,0,0,0,0,0,0,0,0,971,458,130,6,1579,712,23,290,2601
203031053,0,0,0,0,0,6,0,0,0,7,0,0,19,31,7,0,0,0,6,9,0,0,20,2506,3283,671,53,6511,1615,290,432,8855
203031489,0,0,0,3,5,0,0,0,0,0,0,0,18,16,0,0,0,0,0,0,0,0,4,1156,1455,418,44,3075,684,146,257,4161
203031490,0,0,0,0,0,3,0,0,0,0,15,0,30,43,0,0,0,0,0,3,0,0,0,2306,2354,634,30,5321,1583,156,396,7457
204011054,0,6,0,0,11,20,5,0,0,25,86,6,24,139,7,0,0,0,4,9,0,3,15,1030,549,235,18,1840,1018,73,276,3209
204011055,0,0,0,0,0,4,3,0,0,5,9,0,6,28,0,0,0,0,0,0,0,0,0,978,548,285,28,1843,966,65,285,3156
204011056,0,0,0,0,4,0,0,0,0,6,9,6,20,37,0,0,0,0,0,6,0,0,10,1586,1781,707,54,4129,1489,111,309,6039
204011057,0,0,0,0,0,8,3,0,0,14,21,0,29,59,4,3,0,0,8,6,0,5,24,1416,899,308,18,2641,1154,79,602,4480
204011058,3,0,0,0,7,16,4,0,0,20,31,3,11,64,0,0,0,0,0,0,0,0,3,650,406,165,12,1232,596,43,145,2018
204011059,0,8,0,0,9,0,3,0,0,4,10,0,51,67,0,0,0,0,4,0,0,5,10,675,529,424,31,1659,910,98,245,2917
204011060,0,0,0,0,0,0,0,0,0,0,0,0,8,10,0,0,0,0,0,0,0,0,0,523,535,124,11,1201,273,23,134,1626
204011061,0,0,0,0,0,0,0,0,0,0,0,0,0,0,0,0,0,0,0,0,0,0,0,23,15,12,0,56,34,6,22,113
204011062,0,0,0,0,0,8,0,0,0,8,9,0,15,32,0,0,0,0,3,0,0,0,6,591,334,151,8,1082,526,43,221,1869
204021063,4,0,0,0,13,3,4,0,0,5,22,0,17,45,4,3,4,0,7,5,0,5,17,1454,810,508,36,2804,1657,143,293,4896
204021064,0,0,0,0,0,3,0,0,0,4,3,0,12,26,0,0,0,0,0,0,0,0,3,593,384,94,12,1087,351,27,130,1595
204021065,7,0,5,0,7,0,5,5,0,9,8,0,16,32,0,0,0,0,0,0,0,5,7,525,409,163,18,1120,473,25,96,1714
204021066,9,0,0,0,14,10,0,5,0,11,18,0,18,46,0,0,0,0,0,5,0,0,9,2211,1864,1001,59,5136,2811,202,412,8563
204021067,5,0,0,3,6,6,0,0,0,5,24,0,26,58,3,0,0,0,5,0,0,0,5,1375,1124,254,32,2792,843,72,281,3981
204031068,3,4,0,0,14,0,3,0,0,3,9,0,13,28,7,5,0,0,12,3,4,4,16,681,474,186,13,1353,574,46,106,2072
204031069,6,0,0,7,13,3,3,0,0,9,12,0,45,65,8,9,0,0,12,4,7,26,43,1177,816,249,20,2264,977,97,628,3962
204031070,8,3,0,0,10,10,4,0,0,14,8,0,16,32,0,0,0,0,0,0,0,11,10,432,355,83,9,886,326,31,99,1335
204031071,0,4,0,0,5,0,3,0,0,3,3,0,7,10,3,0,0,0,3,0,0,0,8,688,443,178,19,1323,577,38,99,2039
204031072,0,6,0,0,6,3,5,0,0,6,12,0,8,31,0,0,0,0,3,5,0,0,0,915,558,158,13,1644,712,39,220,2620
204031073,0,0,0,0,0,0,0,0,0,0,30,0,9,41,10,0,0,0,10,3,0,0,13,1594,1607,814,48,4060,1671,142,276,6149
204031075,0,0,0,0,0,4,0,0,0,4,4,0,3,14,0,6,0,0,6,4,0,0,6,659,643,131,8,1440,351,20,121,1927
204031491,0,0,0,0,6,7,0,0,0,7,4,0,9,14,4,3,0,0,5,4,0,0,7,1220,1706,419,24,3371,592,87,96,4151
204031492,8,3,0,0,9,5,5,0,0,5,13,0,19,38,0,0,0,0,3,0,0,5,4,1587,1287,939,89,3901,2343,206,349,6800
205011076,0,0,0,0,0,7,4,4,0,18,78,0,49,143,0,0,0,0,7,4,0,0,7,2218,2197,858,56,5335,1831,148,364,7677
205011077,0,0,0,0,3,9,0,0,0,9,13,0,6,29,0,0,0,0,0,5,0,0,3,842,720,195,19,1776,594,37,217,2627
205011078,0,0,0,0,0,0,0,0,0,0,0,0,0,5,4,0,0,0,4,3,0,0,10,1053,884,335,31,2300,849,60,143,3350
205011079,8,0,0,0,12,82,4,0,0,82,108,3,10,200,3,3,0,0,8,0,0,0,8,2594,2575,919,70,6168,2200,182,400,8950
205021080,0,0,0,0,0,0,0,0,0,0,0,0,0,0,0,0,0,0,0,0,0,0,0,0,0,0,0,0,0,0,0,0
205021081,4,4,0,0,11,8,0,0,0,13,10,3,20,42,3,0,0,0,6,0,0,6,13,1825,1428,754,56,4070,2029,181,350,6632
205021082,0,3,0,0,3,17,0,0,0,23,46,0,14,86,0,4,0,0,6,5,0,0,6,1129,855,259,26,2272,778,63,270,3394
205021083,0,0,0,0,0,0,0,0,0,0,0,0,0,0,0,0,0,0,0,0,0,0,0,0,0,0,0,0,0,0,0,0
205021084,4,4,0,0,11,36,6,14,0,51,77,4,57,191,9,5,0,0,15,12,5,7,31,1714,840,429,20,3008,1474,98,449,5022
205021085,0,0,0,3,5,13,0,0,0,9,19,0,54,87,6,0,4,0,15,5,0,9,28,918,495,233,21,1668,1035,74,402,3182
205021086,4,0,0,0,4,11,0,0,0,13,22,0,7,43,0,0,0,0,0,5,0,0,5,1374,474,207,19,2080,910,74,147,3207
205031087,5,6,0,0,19,3,0,0,0,8,29,0,28,67,0,0,0,0,0,5,0,0,8,1409,778,287,22,2494,1337,73,485,4392
205031088,0,0,0,0,0,0,0,0,0,0,0,0,0,0,0,0,0,0,0,0,0,0,0,21,6,0,0,33,19,0,15,66
205031089,10,6,0,3,14,11,0,0,0,12,14,0,9,29,0,0,0,0,0,0,0,0,4,1215,1075,329,27,2650,942,87,217,3894
205031090,0,0,0,0,9,0,0,6,0,11,10,0,3,23,4,0,0,0,4,5,0,0,7,1428,1175,455,30,3097,1316,82,259,4750
205031091,3,0,0,0,7,3,6,0,0,8,6,0,11,26,8,5,0,0,11,10,0,0,18,1900,1144,530,37,3608,1784,144,640,6162
205031092,0,0,0,0,0,0,0,0,0,0,0,0,0,0,0,0,0,0,0,0,0,0,0,0,0,0,0,4,6,0,6,15
205031093,9,0,0,0,8,37,4,8,0,44,120,0,34,205,4,3,0,0,8,8,0,0,17,3740,2364,1069,81,7256,3550,274,805,11878
205041094,0,0,0,0,0,0,0,0,0,0,0,0,0,6,0,0,0,0,0,5,0,0,3,1475,1266,521,32,3291,1052,99,277,4718
205041095,0,0,0,0,0,5,0,0,0,5,29,4,29,62,0,0,0,0,4,0,0,0,6,1757,1469,985,72,4278,2797,202,499,7777
205041096,3,3,0,0,3,9,0,3,0,9,11,0,22,47,0,0,0,0,0,4,0,0,5,1409,1085,878,75,3450,2196,187,577,6405
205041098,0,0,0,0,0,0,0,0,0,0,0,0,0,0,0,0,0,0,0,0,0,0,0,563,569,158,11,1293,384,29,110,1819
205041493,0,0,0,0,0,0,0,0,0,0,0,0,0,3,3,0,0,0,4,10,0,0,14,1224,1171,647,44,3082,1489,118,266,4952
205041494,0,0,0,0,0,17,5,4,0,25,29,3,26,86,0,5,0,0,8,6,0,3,17,1813,1854,754,56,4476,1932,203,331,6936
205051099,0,0,0,0,0,0,0,0,0,0,0,0,0,0,0,0,0,0,0,0,0,4,4,4,0,0,0,4,4,0,6,15
205051100,0,0,0,0,0,4,0,0,0,7,10,0,13,28,5,0,0,0,5,0,0,0,11,703,423,121,20,1267,600,49,231,2150
205051101,8,7,0,3,19,4,4,0,0,11,21,5,27,64,0,3,0,0,5,0,0,5,8,1844,1516,527,50,3938,1575,111,413,6039
205051102,0,0,0,0,5,0,0,0,0,0,12,0,13,27,0,0,0,0,0,6,0,0,3,487,454,129,9,1078,352,35,173,1635
205051103,0,3,0,0,5,10,0,6,0,9,27,0,20,58,3,0,0,0,6,3,0,5,13,1675,1480,748,64,3965,2023,168,317,6477
205051104,5,0,0,0,8,11,4,4,0,19,26,0,21,62,3,0,0,0,3,3,0,0,8,835,465,192,19,1510,758,58,197,2523
206011106,17,17,7,3,44,9,4,5,0,17,17,7,3,44,0,0,0,0,3,3,0,0,9,1630,875,359,94,2955,2342,764,239,6304
206011107,20,6,3,4,28,8,7,0,0,20,6,3,4,28,0,0,0,0,0,9,0,0,8,1494,1328,436,97,3357,2453,609,240,6655
206011109,0,0,0,0,4,0,0,0,0,0,0,0,0,4,0,0,0,0,0,0,0,0,5,845,1519,364,47,2769,808,155,91,3820
206011495,39,19,27,3,89,19,6,4,3,39,19,27,9,89,4,3,0,0,4,0,0,0,6,1532,1007,365,96,2993,1859,776,144,5779
206011496,27,16,18,0,65,18,7,3,0,27,16,18,43,103,0,0,0,0,3,0,0,0,3,1658,900,298,98,2955,2116,837,279,6185
206011497,4,0,7,0,9,0,0,0,0,4,0,7,33,35,3,0,0,0,5,6,0,0,11,1327,1264,450,89,3123,1439,486,205,5260
206011498,0,0,0,0,0,0,0,0,0,0,0,0,0,0,0,0,0,0,0,0,0,0,5,1241,1789,491,86,3611,1143,425,122,5299
206021110,6,5,0,0,11,0,0,0,0,6,5,0,0,11,0,0,0,0,0,0,0,0,0,857,1062,279,38,2232,1235,217,107,3796
206021112,23,19,10,0,55,14,11,4,4,23,19,10,7,56,0,0,0,0,3,0,0,0,3,1902,2042,669,92,4704,2645,590,226,8159
206021499,12,0,8,0,26,8,0,3,0,12,0,8,13,35,0,0,0,0,4,3,5,0,10,1471,1696,476,54,3699,1834,521,213,6266
206021500,21,13,3,4,43,13,6,0,0,21,13,3,4,48,0,0,0,0,3,0,0,0,6,1104,1064,295,54,2516,1314,415,138,4379
206031113,10,6,0,3,23,3,4,0,0,10,6,0,3,23,0,0,0,0,0,3,0,0,7,1426,1796,545,100,3862,1717,376,368,6323
206031115,11,18,0,0,31,4,0,0,0,11,18,0,0,31,0,0,0,0,0,3,0,0,0,946,651,394,90,2085,1741,307,311,4441
206031116,13,6,0,3,23,5,4,0,0,13,6,0,3,24,0,0,0,0,3,0,0,5,9,1802,1763,459,107,4128,2364,373,226,7088
206031501,8,7,0,0,11,0,4,0,0,8,7,0,4,11,0,3,0,0,4,0,0,0,6,1371,2226,544,58,4197,1691,168,196,6254
206031502,3,5,4,0,12,0,0,0,0,3,5,4,0,12,0,0,0,0,7,0,0,0,9,1246,1365,383,76,3071,1872,254,218,5417
206041117,18,16,12,3,45,11,3,0,0,18,16,12,9,50,0,0,0,0,5,11,0,0,16,1513,493,361,211,2582,3225,1292,582,7675
206041118,0,0,0,0,0,0,0,0,0,0,5,0,7,9,3,0,0,0,6,15,0,4,21,2524,935,286,139,3879,2973,689,854,8394
206041119,3,0,0,0,3,0,0,0,0,3,0,0,3,8,5,0,0,0,5,5,0,4,14,851,230,79,34,1195,1035,170,206,2601
206041120,0,0,0,0,0,0,0,0,0,0,0,0,0,0,0,0,0,0,0,0,0,0,0,11,0,0,0,14,18,3,0,34
206041121,0,4,3,0,6,0,0,0,0,0,4,3,0,6,0,0,0,0,0,0,0,0,5,1280,951,356,78,2663,1648,414,196,4922
206041124,0,0,0,0,4,0,0,0,0,0,0,0,3,8,3,0,0,0,3,0,0,0,5,556,311,116,39,1025,776,343,107,2255
206041125,0,0,0,0,0,0,0,0,0,0,0,0,0,0,0,0,0,0,4,3,0,0,6,962,363,138,35,1498,1366,187,202,3258
206041127,0,0,0,0,0,0,0,0,0,0,0,0,0,0,0,0,0,0,0,0,0,0,0,0,0,0,0,0,0,0,0,0
206041503,6,3,0,0,6,8,0,0,0,6,3,0,49,56,3,3,0,0,5,13,0,56,75,1162,293,133,133,1726,2328,668,614,5335
206041504,0,0,0,0,0,0,0,0,0,0,0,0,16,16,5,3,0,3,12,32,14,7,63,1917,299,231,365,2807,4183,1768,807,9567
206041505,0,0,0,0,0,0,0,0,0,0,0,0,28,28,13,0,0,0,18,19,11,3,51,2083,397,185,264,2931,3758,1350,837,8874
206041506,14,19,8,3,40,9,3,0,0,14,19,8,19,55,0,0,0,0,4,9,0,0,13,1620,952,539,136,3238,2779,833,763,7614
206041507,0,0,0,0,0,0,0,0,0,0,0,0,0,0,0,0,0,0,0,0,0,0,0,0,0,0,0,0,0,0,0,6
206041508,3,0,0,0,6,0,4,0,0,3,0,0,4,5,3,0,0,0,5,4,0,0,12,1010,343,144,68,1554,1432,323,321,3634
206041509,3,0,0,0,3,3,0,0,0,3,0,0,4,9,10,3,0,0,18,11,5,0,39,2568,616,328,182,3691,3637,1197,507,9037
206041510,3,13,9,0,24,0,0,0,0,3,13,9,0,24,0,0,0,0,0,0,0,0,3,1080,410,149,65,1705,1356,480,204,3742
206051128,7,0,0,0,13,9,3,0,0,16,0,0,0,15,9,3,0,0,9,16,0,11,35,2085,1523,470,86,4164,2651,332,368,7519
206051129,0,0,0,0,0,0,0,0,0,0,0,0,0,0,0,0,0,0,3,0,0,0,8,1678,1269,471,75,3494,3140,475,438,7542
206051130,10,9,0,0,12,0,0,0,0,10,9,0,0,12,0,0,4,0,7,0,0,0,8,2058,1538,615,63,4275,2778,231,454,7738
206051134,15,38,0,6,55,12,4,3,0,15,38,0,8,59,0,0,0,0,0,0,0,0,3,1847,1163,417,101,3526,3204,770,462,7962
206051511,3,10,0,4,10,3,0,0,0,6,8,0,5,16,7,0,0,0,5,6,0,0,14,244,112,50,11,414,271,102,143,929
206051512,21,16,9,0,42,12,6,0,5,21,16,9,9,55,0,0,0,0,6,12,0,14,27,1562,856,393,78,2888,2439,314,395,6030
206051513,91,109,29,3,231,70,15,6,0,91,109,29,8,237,0,0,0,0,3,6,7,3,18,1634,538,287,64,2532,3359,536,466,6894
206051514,76,114,18,41,245,64,8,7,0,76,115,18,62,267,0,0,0,0,0,7,0,0,11,1737,737,288,72,2834,3509,503,655,7501
206061135,5,7,0,0,17,5,3,0,0,5,7,0,0,17,3,0,0,0,3,0,0,0,9,1195,812,303,55,2357,1720,258,153,4487
206061136,17,8,0,0,36,8,0,0,5,17,8,0,6,34,3,0,0,0,5,10,0,0,23,2530,1150,437,149,4267,4348,1067,510,10195
206061138,0,0,0,3,5,0,0,0,0,0,0,0,3,5,0,0,0,0,4,0,0,0,4,1724,1154,374,52,3310,1946,286,344,5883
206061515,0,0,0,0,0,0,0,0,0,0,0,0,0,0,0,0,0,0,0,3,0,0,4,1682,395,206,111,2394,3231,520,546,6697
206061516,10,9,0,0,16,6,3,0,0,10,9,0,0,16,0,0,0,0,7,0,0,3,8,1298,540,301,77,2219,2351,448,341,5359
206071139,69,56,14,0,140,49,13,5,0,69,56,14,3,143,0,0,0,0,0,0,0,4,10,1312,547,185,61,2108,1790,500,266,4669
206071140,25,5,17,0,48,13,5,3,0,23,5,17,3,50,0,0,0,0,5,0,0,0,5,1021,629,226,63,1937,980,542,141,3605
206071141,9,4,5,0,14,3,0,0,0,9,4,5,10,23,0,0,0,0,0,3,0,0,9,1315,402,313,65,2093,1914,486,288,4782
206071142,12,18,11,8,45,4,8,0,0,12,18,11,35,70,0,0,0,0,0,13,0,5,14,1284,546,353,78,2258,1747,557,394,4956
206071143,17,11,6,0,33,4,6,4,0,17,8,10,6,37,3,0,0,0,3,0,3,0,11,1465,1066,346,55,2933,1886,670,245,5729
206071145,9,0,0,0,15,7,0,0,0,9,0,0,0,15,0,0,0,0,3,0,0,0,5,1124,1028,255,41,2452,1194,311,138,4094
206071517,22,16,4,3,47,19,10,0,0,22,16,4,5,53,0,0,0,0,0,0,0,0,5,2325,1286,383,121,4116,2831,1044,387,8374
206071518,12,3,6,3,25,6,9,0,0,12,3,6,5,28,0,0,0,0,0,4,0,0,8,1701,830,524,132,3197,2770,683,326,6974
207011146,14,20,0,0,31,4,6,0,0,14,20,0,0,31,0,0,0,0,0,4,0,0,5,593,1237,259,25,2108,539,64,55,2770
207011147,5,3,0,0,8,0,4,0,0,5,3,0,0,11,7,0,0,0,7,3,0,0,7,1443,2196,694,64,4396,1547,142,194,6282
207011148,11,9,0,3,24,4,3,0,0,11,9,0,3,24,0,0,0,0,0,0,0,0,4,1494,3348,812,62,5718,1180,125,161,7179
207011149,21,16,11,5,47,13,7,5,0,21,16,11,5,49,5,0,0,0,10,4,3,0,16,2017,2837,657,87,5602,1793,264,195,7861
207011150,3,0,3,0,7,5,0,0,0,3,0,3,0,7,0,0,0,0,0,0,0,0,3,1479,2577,456,73,4583,1211,153,146,6095
207011152,8,7,5,6,20,7,0,0,0,8,7,5,6,20,3,0,0,0,6,6,0,0,7,1763,1675,446,82,3972,2221,430,252,6881
207011154,0,0,0,0,0,0,0,0,0,0,0,0,0,0,0,0,0,0,0,0,0,0,0,543,926,255,23,1751,455,103,64,2368
207011155,12,13,0,5,32,3,4,0,0,12,13,0,5,32,0,4,0,0,4,4,0,0,4,1558,2233,522,46,4351,1286,113,148,5904
207011519,7,4,6,5,24,8,0,0,0,7,4,6,12,31,0,0,0,0,4,0,0,0,0,1070,997,245,60,2371,1364,319,184,4233
207011520,3,4,0,0,16,6,0,0,0,3,4,0,0,16,0,0,0,0,0,3,0,3,7,1366,1012,278,103,2754,2249,423,256,5679
207011521,8,0,0,0,5,6,0,0,0,8,0,0,3,5,0,0,0,0,0,0,0,0,0,1100,1392,424,62,2972,1068,202,121,4366
207011522,3,7,6,4,21,4,0,0,0,3,7,6,6,26,3,0,0,0,4,3,0,7,14,1221,1577,431,67,3294,1306,273,181,5051
207021156,0,0,0,0,3,0,0,0,0,0,0,0,0,3,0,0,0,0,5,0,0,0,5,1187,1507,480,46,3221,953,107,86,4364
207021157,0,0,0,0,0,0,0,0,0,0,0,0,0,0,0,0,0,0,6,4,0,0,14,2815,2919,1096,158,6988,2574,329,317,10211
207021159,0,0,0,0,0,0,0,0,0,0,0,0,0,0,0,0,0,0,0,0,0,0,0,1665,2444,528,50,4682,966,73,152,5865
207021160,0,0,0,0,5,3,0,0,0,0,0,0,0,5,0,0,0,0,0,3,0,0,3,1363,1978,574,55,3971,972,90,112,5140
207021424,0,0,0,0,0,0,0,0,0,0,0,0,0,0,0,0,7,0,12,0,0,0,12,1468,2372,534,54,4432,847,72,102,5458
207021425,0,0,0,0,0,0,0,0,0,0,0,0,0,0,0,4,0,0,4,0,0,0,4,1308,2193,669,72,4239,1305,119,166,5839
207031161,0,0,0,0,0,0,0,0,0,0,0,0,0,0,0,0,0,0,3,0,0,0,4,2012,3029,752,86,5875,2081,298,182,8440
207031162,4,0,5,0,7,0,0,0,0,4,0,5,0,7,0,0,0,0,0,0,0,0,0,888,1517,395,48,2846,1050,131,96,4120
207031163,0,0,6,0,4,0,0,0,0,0,0,6,0,8,3,3,0,0,3,10,0,11,26,2269,2214,876,177,5538,2762,800,554,9655
207031164,0,0,0,0,3,0,0,0,0,0,0,0,0,3,0,6,0,0,4,0,0,0,6,1526,2433,770,109,4837,1512,311,184,6847
207031165,0,0,0,0,0,0,0,0,0,0,0,0,0,0,0,0,0,0,0,5,0,0,4,1008,1137,475,92,2712,1328,443,185,4663
207031166,0,0,0,0,0,0,0,0,0,0,0,0,0,0,0,0,0,0,0,6,0,0,5,1066,1356,436,55,2906,907,204,102,4119
207031167,5,0,0,0,5,0,0,0,0,5,0,0,0,3,0,3,0,0,3,0,0,0,6,1031,1366,324,51,2774,903,120,97,3892
208011168,15,10,0,0,28,9,4,0,0,15,10,0,0,28,0,0,0,0,0,0,0,0,0,1506,2067,393,29,4001,1001,40,116,5155
208011169,26,21,10,3,57,13,8,8,0,26,21,10,5,65,0,3,0,0,3,0,0,3,10,2523,2844,754,66,6187,2456,150,308,9104
208011170,6,7,0,0,12,4,0,3,0,6,7,0,0,12,0,5,0,0,4,0,0,0,4,1417,2409,589,29,4450,1220,115,179,5967
208011171,21,16,0,0,39,9,8,4,0,21,16,0,0,38,3,0,0,0,4,0,0,0,10,1063,1735,546,31,3378,1204,121,132,4835
208011172,25,27,0,3,59,16,0,9,0,25,27,0,3,59,5,3,0,0,5,0,0,0,8,1675,2512,647,56,4893,1812,151,272,7122
208011173,36,25,4,9,69,19,4,12,4,36,27,4,10,75,0,0,0,0,6,0,0,0,9,1996,2210,526,36,4768,1892,107,246,7011
208021174,24,12,6,7,52,11,10,3,0,24,16,6,7,56,8,3,0,0,6,5,4,0,23,2103,3522,1006,95,6729,2229,281,313,9558
208021176,6,0,3,0,11,3,3,0,0,6,0,3,0,11,0,0,0,0,0,3,0,0,7,2100,1965,544,134,4739,2888,511,229,8369
208021177,5,10,0,0,12,3,3,0,0,5,10,0,0,12,0,0,0,0,0,3,3,0,11,2340,2434,567,87,5425,2669,578,337,9011
208021178,6,9,7,0,21,3,3,0,0,6,8,7,0,25,3,0,0,0,6,0,0,0,6,1835,2348,554,64,4801,1673,268,222,6966
208021179,13,20,10,0,46,8,3,3,0,13,20,10,0,46,0,0,0,0,0,0,0,3,6,1262,1348,361,48,3017,1723,249,145,5135
208021180,0,0,0,0,0,0,0,0,0,0,0,0,0,0,4,0,0,0,0,3,0,0,4,733,973,273,57,2038,745,158,93,3028
208021181,6,0,0,0,4,4,0,0,0,6,0,0,0,4,0,3,0,0,5,0,0,0,3,967,1201,282,49,2498,1103,138,121,3862
208021182,22,20,8,0,53,7,9,9,0,22,20,8,0,53,0,0,0,0,0,0,0,0,4,1280,1586,469,64,3394,1744,322,190,5652
208021426,0,4,0,0,10,0,0,0,0,0,4,0,0,10,0,0,0,0,3,0,0,0,3,1200,2550,725,67,4545,1137,126,159,5971
208021427,7,9,0,0,11,5,0,0,0,7,9,0,0,11,0,0,0,0,0,0,0,5,5,1235,2073,562,54,3931,1126,116,111,5281
208031183,0,0,0,0,0,0,0,0,0,0,0,0,0,0,0,0,0,0,0,0,0,0,0,671,1487,270,19,2448,399,22,52,2913
208031184,0,0,0,0,0,0,0,0,0,0,0,0,0,0,0,0,0,0,0,4,0,0,4,7,0,0,0,7,12,0,3,23
208031185,4,0,0,0,12,0,0,0,0,4,0,0,0,14,0,0,0,0,4,3,0,0,5,1297,1469,588,25,3379,1388,108,117,4991
208031186,0,9,0,0,10,18,5,4,0,25,119,3,37,178,0,0,0,0,0,6,0,0,7,1621,1655,670,63,4010,2247,193,300,6751
208031187,0,0,0,0,0,0,0,0,0,0,0,0,0,0,0,0,0,0,0,0,0,0,0,460,784,227,13,1487,465,32,52,2036
208031188,18,22,3,0,46,6,6,8,0,18,22,3,3,50,0,0,0,0,0,0,0,0,5,2390,2993,1035,112,6526,3006,264,319,10109
208031189,3,6,0,0,11,0,3,0,0,3,6,0,0,11,0,3,0,0,3,3,0,0,8,1239,1875,591,48,3748,1219,110,146,5218
208031190,12,17,0,0,29,3,4,4,0,12,17,0,0,29,0,0,0,0,0,3,0,0,3,1476,1554,579,51,3654,1865,121,142,5785
208031191,0,0,0,5,7,0,0,0,0,0,0,0,5,7,0,0,0,0,3,3,0,0,7,776,1256,376,39,2445,815,118,126,3501
208031192,0,0,0,0,0,0,0,0,0,0,0,0,0,0,0,0,0,0,0,0,0,0,0,0,0,0,0,0,0,0,0,0
208031193,12,15,5,3,33,0,5,7,0,12,15,5,3,34,0,0,0,0,0,3,0,0,3,1938,2855,856,67,5723,2361,169,236,8480
208041194,51,87,5,20,165,42,0,4,0,51,85,5,22,163,4,6,0,0,6,0,0,0,11,2114,2327,657,110,5209,2789,341,278,8617
208041195,45,74,15,5,143,38,6,3,0,45,76,15,5,140,4,5,0,0,7,3,0,5,12,2005,2789,632,106,5535,2143,480,250,8417
209011196,0,0,0,0,0,0,0,0,0,0,0,0,0,0,3,0,0,0,3,0,0,0,7,876,1258,426,52,2615,719,174,100,3613
209011197,0,0,0,0,0,0,0,0,0,0,0,0,7,3,0,0,0,0,4,0,0,0,6,2109,2918,790,61,5871,1666,131,159,7820
209011198,4,10,3,0,13,3,0,0,0,4,10,3,7,19,4,0,0,0,4,8,0,0,12,1599,2031,538,61,4223,1795,208,148,6373
209011199,0,0,0,0,4,0,0,0,0,0,0,0,0,10,0,0,0,0,4,0,0,0,8,1303,1424,776,115,3623,1943,415,326,6308
209011200,4,0,0,0,12,3,0,0,0,4,0,0,0,12,3,0,4,0,4,0,0,4,16,1300,1579,421,47,3349,1370,159,177,5049
209011201,0,0,0,0,0,0,0,0,0,0,0,0,0,0,0,0,0,0,0,0,0,0,0,820,1141,213,17,2187,541,54,72,2858
209011202,0,0,0,0,0,0,0,0,0,0,0,0,0,3,0,0,0,0,4,4,0,0,4,1731,2183,720,61,4695,1539,97,143,6464
209011203,7,6,0,0,7,3,0,0,0,7,6,0,0,7,0,0,0,0,0,3,0,0,5,1661,2669,747,50,5125,1535,140,119,6917
209011204,0,0,0,0,0,0,0,0,0,0,0,0,5,5,0,0,0,0,0,0,0,0,0,927,1210,412,40,2590,811,110,108,3613
209021205,3,0,0,0,3,4,0,0,0,4,0,0,5,4,0,0,0,0,0,0,0,5,4,899,1181,332,65,2481,890,287,140,3802
209021428,39,41,15,10,116,22,5,9,0,39,41,15,72,172,0,0,0,0,4,8,0,0,12,2108,2003,823,196,5125,2702,764,422,9013
209021429,9,3,0,5,23,5,6,0,0,9,11,0,5,22,0,0,0,0,0,0,0,0,0,1115,1575,492,74,3255,1288,340,132,5025
209021523,6,6,0,3,16,5,4,4,0,6,6,0,8,27,0,0,0,0,0,0,0,0,0,1550,1454,671,117,3797,1932,336,332,6391
209021524,6,0,0,0,3,0,0,0,0,6,0,0,0,3,0,0,0,0,0,0,0,0,0,959,1157,425,64,2602,803,118,135,3655
209021525,18,13,4,0,40,11,7,3,4,18,13,4,0,39,0,0,0,0,5,3,0,0,6,1096,1261,567,99,3026,1831,324,251,5431
209021526,12,10,8,5,26,6,5,6,0,12,11,8,4,33,0,0,0,0,0,7,3,0,7,1302,1617,613,94,3629,1732,301,231,5890
209031209,0,0,0,0,4,0,0,0,0,0,0,0,7,9,0,4,0,0,7,0,0,0,6,2229,3605,790,48,6665,1300,69,167,8207
209031210,0,0,0,0,0,0,0,0,0,0,0,0,0,0,0,0,0,0,0,0,0,0,0,320,528,146,5,998,212,15,22,1240
209031211,0,0,0,0,0,0,0,0,0,0,0,0,4,3,0,0,0,0,0,0,0,0,0,457,515,138,6,1109,274,33,145,1561
209031212,0,0,0,0,0,0,0,0,0,0,0,0,0,4,0,0,0,0,0,0,0,0,0,559,679,168,5,1414,235,41,86,1771
209031213,0,0,0,0,0,0,0,0,0,0,0,0,0,0,0,0,0,0,0,0,0,0,0,838,1518,234,28,2611,385,28,56,3084
209031214,0,0,0,0,0,0,0,0,0,0,0,0,0,0,0,0,0,0,0,0,0,0,0,614,1069,178,12,1876,268,36,56,2245
209031215,0,0,0,0,0,0,0,0,0,0,0,0,0,3,0,0,0,0,0,0,0,0,0,1229,2257,515,34,4031,681,45,89,4854
209041216,0,0,0,0,0,0,0,0,0,0,0,0,3,3,0,0,0,0,0,0,0,0,0,568,956,252,38,1805,616,155,78,2656
209041217,0,0,0,0,0,0,0,0,0,0,0,0,3,3,0,0,0,0,0,0,0,4,5,661,642,284,38,1626,631,146,96,2501
209041220,0,0,0,0,0,0,0,0,0,0,0,0,5,6,0,0,0,0,0,0,0,0,0,1513,2478,742,59,4793,1132,154,172,6252
209041221,0,0,0,0,0,0,0,0,0,0,0,0,0,0,0,0,0,0,0,0,0,0,0,1005,1508,535,59,3106,760,109,121,4105
209041223,4,0,0,0,4,0,0,0,0,4,0,0,4,3,0,0,4,0,3,6,0,0,10,1812,2269,1056,138,5277,1779,223,285,7567
209041224,0,0,0,0,0,0,0,0,0,0,5,0,0,9,0,3,0,0,5,0,0,4,9,1788,3252,902,61,6002,1101,123,337,7564
209041225,0,0,0,0,0,0,0,0,0,0,0,0,0,0,0,0,0,0,4,0,0,0,5,945,1361,416,36,2754,690,60,232,3737
209041431,0,0,0,0,0,0,0,0,0,0,0,0,0,0,0,0,0,0,0,0,0,0,5,879,1749,591,52,3278,762,96,365,4492
209041432,0,0,0,0,0,0,0,0,0,0,0,0,4,7,0,0,0,0,0,0,0,0,4,678,913,472,47,2109,650,90,142,2991
209041433,0,0,0,0,0,0,0,0,0,0,0,0,4,3,0,0,0,0,0,0,0,0,0,622,1889,495,44,3050,563,102,144,3857
209041435,0,0,0,0,0,0,0,0,0,0,0,0,0,0,0,0,0,0,0,0,0,0,0,713,2142,463,31,3353,447,59,75,3940
209041436,0,0,0,0,0,0,0,0,0,0,0,0,0,0,0,0,0,0,0,0,0,0,0,879,1787,546,49,3255,816,96,117,4286
209041437,5,0,0,0,6,4,0,0,0,4,0,0,0,11,0,0,0,0,4,0,0,0,7,1365,4031,725,93,6215,875,166,238,7498
209041527,0,0,0,0,0,0,0,0,0,0,0,0,0,0,0,0,0,0,0,0,0,0,0,1034,2614,697,32,4379,719,69,102,5271
209041528,0,0,0,0,0,0,0,0,0,0,0,0,0,0,0,0,0,0,0,0,0,0,0,761,1621,497,37,2914,517,56,74,3563
209041529,0,0,0,0,0,0,0,0,0,0,0,0,0,0,0,0,0,0,4,0,0,0,5,848,1109,521,77,2544,901,161,171,3772
209041530,0,0,0,0,3,0,5,0,0,0,0,0,0,4,0,0,0,0,0,0,0,0,3,992,1751,644,61,3450,817,102,200,4573
209041531,0,0,0,0,0,0,5,0,0,5,0,0,0,5,0,0,0,0,0,0,0,0,0,810,1713,538,29,3090,699,70,99,3957
209041532,0,0,0,0,0,0,0,0,0,0,0,0,0,0,0,0,0,0,0,3,0,0,9,696,1938,497,39,3169,434,65,111,3780
210011226,3,3,0,0,11,0,3,0,0,3,3,0,0,11,0,0,0,0,0,0,0,0,5,816,987,409,56,2260,1081,95,99,3541
210011227,0,0,0,0,0,0,0,0,0,0,0,0,0,0,0,0,0,0,0,0,0,0,0,0,0,0,0,0,0,0,0,0
210011228,0,0,0,0,0,0,0,0,0,0,0,0,0,0,0,0,0,0,5,0,0,0,7,876,1180,353,29,2435,673,34,87,3231
210011230,7,5,0,0,8,4,0,3,0,7,5,0,0,8,0,0,0,0,0,0,0,0,0,606,1054,313,41,2013,684,75,83,2862
210011231,4,3,0,0,14,5,5,0,0,4,3,0,0,14,0,0,0,0,5,0,0,0,5,818,1561,324,30,2730,659,63,81,3538
210011533,5,8,0,5,18,3,3,4,0,5,8,0,5,18,0,0,0,0,0,0,0,0,0,1191,1564,537,67,3357,1044,93,145,4634
210011534,8,4,0,0,11,0,4,0,0,8,4,0,0,11,0,0,0,0,0,4,0,0,7,1442,2058,668,57,4235,1099,112,153,5601
210021232,0,0,0,0,0,0,0,0,0,0,0,0,0,0,0,0,0,0,0,0,0,0,0,1355,2056,435,24,3869,835,48,151,4899
210021233,0,0,0,0,0,8,0,0,0,8,17,0,8,29,0,0,0,0,0,0,0,0,0,420,472,84,4,978,211,19,78,1285
210021234,0,0,0,0,0,0,0,0,0,0,0,0,0,0,0,0,0,0,0,0,0,0,0,474,625,147,10,1258,249,21,57,1588
210021235,0,0,0,0,0,0,0,0,0,0,0,0,0,3,8,4,0,0,5,0,0,0,8,1192,1405,373,18,2987,683,66,224,3964
210031236,10,6,0,0,19,9,0,0,0,7,6,0,0,20,0,0,0,0,3,4,0,0,3,709,1026,360,41,2137,769,203,135,3231
210031237,5,3,0,0,17,0,0,3,0,5,3,0,0,17,0,0,0,0,6,5,0,0,6,935,1703,565,78,3282,1122,203,233,4839
210031439,0,0,0,0,0,0,0,0,0,0,0,0,0,0,0,0,0,0,0,0,0,0,0,261,458,127,11,855,249,16,31,1154
210031440,0,0,0,0,0,0,0,0,0,0,0,0,0,0,0,0,0,0,3,0,0,0,5,557,751,266,28,1609,635,73,122,2442
210031535,3,5,0,0,4,0,3,0,0,3,5,0,6,14,0,0,0,0,0,3,0,0,7,1245,1592,647,105,3596,1510,264,349,5723
210031536,0,5,0,0,6,0,0,0,0,0,5,0,7,14,0,0,0,0,0,0,0,5,5,865,932,335,70,2203,819,159,182,3364
210031537,0,0,0,0,4,0,0,0,0,0,0,0,0,4,0,0,0,0,0,0,0,0,4,837,958,285,44,2122,748,154,115,3141
210031538,9,9,0,4,26,4,4,5,0,9,9,0,4,26,3,0,3,0,4,0,0,5,10,1649,2135,687,92,4566,1938,303,256,7068
210041240,0,0,0,0,0,0,0,0,0,0,0,0,0,0,0,0,0,0,0,0,0,0,3,1274,1912,576,57,3815,753,83,155,4813
210041539,0,0,0,0,0,0,0,0,0,0,0,0,0,0,0,0,0,0,0,0,0,0,0,538,699,208,24,1473,416,46,80,2018
210041540,0,0,0,0,0,0,0,0,0,0,0,0,0,0,0,0,0,0,0,0,0,0,0,1380,1828,750,56,4015,1598,127,251,5995
210041541,0,0,0,0,0,0,0,0,0,0,0,0,0,0,0,0,0,0,0,0,0,0,0,1037,1514,532,31,3110,779,111,142,4144
210051242,0,0,0,0,0,0,0,0,0,0,0,0,6,8,0,0,0,0,9,6,0,0,13,783,1380,760,109,3026,1093,243,411,4774
210051243,0,0,0,0,0,4,0,4,0,9,100,0,37,149,0,5,0,0,5,6,0,4,10,800,1864,844,95,3602,1137,149,399,5288
210051245,0,0,0,0,3,0,0,0,0,0,0,0,3,9,0,0,0,0,0,0,0,0,3,1633,2283,950,71,4942,1456,122,261,6772
210051246,0,0,0,0,0,0,0,0,0,0,0,0,0,0,0,3,0,0,4,5,0,0,5,1545,3603,714,57,5917,631,56,194,6798
210051247,0,0,0,0,0,0,0,0,0,0,0,0,0,0,0,0,0,0,3,4,0,0,7,717,1888,832,71,3507,632,123,292,4552
210051248,0,0,0,0,0,0,0,0,0,0,0,0,0,0,0,0,0,0,0,0,0,0,0,3,6,6,0,12,11,0,7,29
210051250,0,0,0,0,0,0,0,0,0,0,0,0,0,0,0,0,0,0,0,0,0,0,0,670,703,343,40,1759,918,70,119,2869
210051441,0,0,0,0,0,0,0,0,0,0,0,0,4,4,0,0,0,0,0,0,0,0,0,523,1069,403,27,2022,506,69,134,2727
210051442,0,0,0,0,0,0,0,0,0,0,0,0,0,0,0,0,0,0,0,0,0,0,0,530,1972,453,52,3007,437,76,152,3670
210051443,0,0,0,0,0,0,0,0,0,0,0,0,0,0,0,4,0,0,3,4,0,0,6,1056,3324,797,82,5262,766,160,277,6466
210051445,0,0,0,0,0,0,0,0,0,0,0,0,0,0,0,0,0,0,5,0,0,3,3,1346,3766,697,79,5881,736,143,367,7128
210051542,0,0,0,0,0,0,0,0,0,0,0,0,0,0,0,0,0,0,5,0,0,0,4,424,1690,287,29,2432,289,69,77,2868
210051543,4,0,0,0,4,0,0,0,0,4,0,0,0,4,0,3,0,0,5,6,0,0,6,657,2027,432,45,3162,541,90,165,3960
210051544,0,0,0,0,0,0,0,0,0,0,0,0,0,0,0,0,0,0,0,0,0,0,3,449,1383,413,31,2278,340,57,119,2789
210051545,0,0,0,0,0,0,0,0,0,0,0,0,0,0,0,0,0,0,0,0,0,0,5,453,2256,506,38,3249,344,48,144,3782
211011251,0,4,4,0,7,0,0,0,0,0,4,4,0,7,0,0,0,0,0,4,0,0,7,1235,1439,655,65,3387,1412,184,170,5160
211011254,0,0,0,0,0,0,0,0,0,0,0,0,0,0,0,0,0,0,3,5,0,0,12,1458,2453,673,66,4649,1044,136,153,5985
211011255,0,0,0,0,0,0,0,0,0,0,0,0,0,0,0,0,0,0,0,0,0,0,0,495,1128,174,8,1804,218,15,50,2084
211011256,0,0,0,0,3,0,0,0,0,0,0,0,0,3,0,0,0,0,0,4,0,0,4,1423,2317,593,57,4387,918,93,92,5498
211011257,0,0,0,0,4,0,0,0,0,0,0,0,0,4,0,0,0,0,0,0,0,0,0,641,1284,255,20,2202,388,35,49,2674
211011258,0,4,0,0,4,0,0,0,0,0,4,0,0,4,0,0,0,0,0,0,0,0,0,923,1667,314,28,2933,418,61,67,3479
211011259,0,0,0,0,0,0,0,0,0,0,0,0,0,0,0,0,0,0,0,0,0,0,0,1370,2045,533,42,3989,848,101,111,5048
211011260,0,0,0,0,0,0,0,0,0,0,0,0,0,0,0,0,0,0,0,0,0,4,5,1648,2504,664,63,4873,1374,133,150,6530
211011446,0,0,0,0,5,3,0,0,0,0,0,0,0,6,0,3,0,0,5,0,0,0,4,2360,2656,1178,117,6314,2650,313,343,9613
211011447,4,12,0,4,18,6,0,0,0,4,12,0,6,25,0,0,0,0,0,5,0,0,3,1378,1657,721,68,3821,1567,163,184,5729
211011448,5,0,0,0,9,4,0,0,0,5,0,0,0,12,0,0,0,0,0,0,0,0,3,1407,2120,688,67,4279,1078,137,149,5642
211011449,0,3,0,0,4,0,0,0,0,0,3,0,0,4,0,0,0,0,0,0,0,0,0,419,600,171,12,1205,281,29,44,1559
211021261,0,0,0,0,0,0,0,0,0,0,0,0,0,0,0,0,0,0,0,0,0,0,3,1489,2438,462,26,4412,957,70,120,5562
211021262,0,0,0,0,0,5,0,0,0,5,0,0,16,19,0,3,0,0,5,0,0,0,4,933,1557,258,15,2766,410,29,83,3288
211031263,0,0,0,0,0,0,0,0,0,0,0,0,0,0,3,4,0,0,4,0,0,0,3,1028,1597,531,53,3204,1022,96,124,4454
211031265,3,0,0,4,8,0,3,0,0,3,0,0,4,8,0,0,0,0,0,0,0,0,0,1636,2777,670,51,5133,906,73,101,6214
211031266,5,4,0,0,3,0,0,0,0,5,4,0,16,23,0,5,0,0,4,10,0,0,18,1831,2174,799,83,4888,2260,295,266,7705
211031267,0,0,0,0,3,0,0,0,0,0,0,0,0,3,0,3,0,0,3,0,0,3,6,1863,2866,820,77,5627,1979,228,196,8025
211031268,0,0,0,0,0,0,0,0,0,0,0,0,0,0,0,0,0,0,0,0,0,0,0,977,1428,333,20,2752,525,49,47,3373
211031450,0,0,0,0,0,0,0,0,0,0,0,0,0,0,0,6,0,0,0,3,0,0,12,1588,1776,834,72,4268,2121,201,211,6806
211031451,0,0,0,0,3,0,0,0,0,0,0,0,0,0,0,0,0,0,0,4,3,0,12,1436,1729,592,46,3802,1484,132,166,5579
211031452,0,0,0,0,0,0,0,0,0,0,0,0,0,0,0,0,0,0,0,0,0,0,0,482,659,231,12,1379,394,39,50,1868
211041269,0,0,0,0,0,0,0,0,0,0,0,0,0,0,0,0,0,0,0,0,0,0,3,940,1388,450,62,2841,1123,124,130,4216
211041270,0,0,0,0,0,0,0,0,0,0,0,0,0,0,0,0,0,0,0,4,0,0,3,1640,2279,606,72,4604,1635,235,140,6607
211041271,0,0,0,0,0,0,0,0,0,0,0,0,0,0,0,0,0,0,0,4,0,0,3,1088,1605,426,68,3187,1206,187,221,4800
211041272,4,0,0,0,4,4,3,0,0,4,0,0,0,4,0,0,0,0,0,0,0,0,0,885,1661,404,35,2988,745,68,67,3871
211041273,0,0,0,0,0,0,0,0,0,0,0,0,4,4,0,0,0,0,0,0,0,0,0,1227,1666,385,39,3321,684,86,78,4162
211051274,0,0,0,0,0,0,0,0,0,0,4,0,0,3,0,0,0,0,0,0,0,0,3,944,1423,393,20,2783,552,82,108,3526
211051275,0,0,0,0,0,0,0,0,0,0,0,0,0,0,0,0,0,0,4,0,0,0,6,1142,1657,457,31,3286,712,71,117,4191
211051276,3,0,0,0,3,19,5,0,0,16,25,0,7,52,6,4,0,0,8,4,0,0,14,1618,1609,582,37,3850,1263,103,272,5488
211051277,0,0,0,0,0,0,0,0,0,0,0,0,0,0,0,0,0,0,0,0,0,0,0,999,1148,511,45,2708,1060,101,101,3962
211051278,3,0,0,0,3,11,6,0,0,10,50,0,16,78,0,0,3,0,11,4,0,0,17,2051,2465,810,67,5395,1764,150,241,7545
211051279,9,4,0,0,8,3,8,0,0,9,4,0,0,8,0,4,0,0,4,6,0,0,3,580,774,200,15,1570,394,45,76,2083
211051280,0,0,0,0,0,0,0,0,0,0,0,0,0,0,0,0,0,0,0,0,0,0,0,636,999,204,14,1853,449,31,52,2392
211051281,0,0,0,0,0,0,0,0,0,5,0,0,0,0,0,0,0,0,0,3,0,0,12,2109,3137,1025,82,6348,1562,172,221,8295
211051282,0,0,0,0,5,0,0,0,0,0,0,0,0,5,3,0,0,0,6,0,0,0,4,1153,1269,314,17,2758,714,68,133,3674
211051283,0,0,0,0,0,0,0,0,0,0,0,0,0,4,0,0,0,0,0,5,0,0,8,910,1432,334,29,2706,612,66,66,3445
211051284,0,0,0,0,3,0,0,0,0,0,0,0,0,3,0,0,0,0,0,0,0,0,0,957,1390,412,17,2779,681,72,74,3608
211051285,0,0,0,0,0,0,0,0,0,0,0,0,0,0,0,0,0,0,5,0,0,0,3,798,1132,256,23,2203,416,36,81,2742
211051286,0,4,0,0,5,6,0,3,0,10,64,0,37,110,0,3,0,0,3,0,0,0,10,1709,1843,749,55,4359,1640,148,449,6599
212011289,3,0,0,0,3,0,0,0,0,0,0,0,0,3,0,0,0,0,3,6,0,6,8,1751,2630,537,36,4954,987,101,356,6400
212011546,0,0,0,0,0,12,0,0,0,12,64,0,10,90,4,4,0,0,6,4,0,0,10,1874,3550,907,74,6403,1320,159,251,8130
212011547,0,3,0,0,5,0,0,0,0,0,0,0,0,4,0,0,0,0,5,3,0,0,0,994,1266,272,24,2557,592,54,230,3433
212011548,0,0,0,0,3,0,0,0,0,0,0,0,0,3,3,0,0,0,3,0,0,0,6,1026,1291,344,31,2691,733,63,176,3669
212011549,0,0,0,0,0,0,0,0,0,0,0,0,0,4,0,0,0,0,0,0,0,0,0,1237,1893,841,64,4028,1222,154,224,5631
212011550,0,0,0,0,0,0,0,0,0,0,0,0,0,0,0,4,0,0,3,4,0,0,8,621,1053,333,26,2031,398,61,63,2553
212011551,0,0,0,0,0,3,0,0,0,4,43,0,6,50,0,0,0,0,0,0,0,0,0,656,598,353,42,1650,845,86,164,2741
212011552,0,0,0,0,0,0,0,0,0,0,0,0,0,0,0,0,0,0,0,0,0,0,0,1839,3611,1252,92,6791,1575,217,320,8901
212021293,0,0,0,0,4,11,0,0,0,7,0,0,12,19,0,0,3,0,3,0,0,0,7,2325,3051,850,63,6283,1972,142,273,8669
212021295,0,3,0,0,4,0,0,0,0,0,7,0,0,9,0,5,0,0,6,5,0,5,12,715,1231,612,80,2638,1093,312,295,4339
212021297,0,0,0,0,0,0,0,0,0,0,0,0,0,0,0,0,0,0,4,0,0,0,4,805,1432,457,46,2739,684,112,206,3747
212021299,0,0,0,0,0,0,0,0,0,0,0,0,0,0,0,0,0,0,0,0,0,0,4,676,1232,159,14,2081,196,30,92,2401
212021453,0,0,0,0,0,0,0,0,0,0,0,0,0,0,0,0,0,0,0,0,0,0,0,977,1696,470,44,3188,604,101,171,4062
212021454,0,0,0,0,3,0,0,0,0,0,0,0,0,3,0,0,0,0,0,0,0,0,3,1149,1903,530,50,3631,669,103,172,4577
212021455,0,0,0,0,0,0,0,0,0,0,0,0,0,0,0,0,0,0,0,0,0,0,0,1006,1950,558,53,3569,702,88,149,4510
212021456,0,0,0,0,0,4,4,7,0,16,75,0,19,109,0,0,0,0,0,0,0,0,0,1149,1845,704,79,3781,1074,144,260,5259
212021553,0,3,0,0,5,0,0,0,0,0,3,0,0,5,0,0,0,0,0,0,0,0,0,1024,2964,617,27,4637,551,77,149,5414
212021554,0,0,0,0,0,0,0,0,0,0,0,0,0,0,0,0,0,0,0,0,0,0,0,657,1866,416,31,2970,434,82,114,3601
212031300,0,0,0,0,0,0,0,0,0,0,0,0,0,0,0,3,3,0,5,8,0,0,7,1512,2402,1143,128,5188,1734,281,489,7695
212031303,0,0,0,0,0,0,0,0,0,0,0,0,0,0,0,3,0,0,9,6,0,0,8,1505,2644,508,49,4710,712,123,192,5740
212031304,0,0,0,0,0,0,0,0,0,0,0,0,0,0,0,4,0,0,4,3,0,0,7,1368,3190,864,83,5506,984,152,234,6866
212031306,0,0,0,0,0,0,0,0,0,0,0,0,0,0,0,0,0,0,3,0,0,0,4,845,3070,469,50,4433,411,87,149,5084
212031308,0,0,0,0,0,0,0,0,0,0,0,0,0,4,0,0,0,0,0,0,0,0,3,792,1069,266,32,2162,477,50,146,2835
212031457,0,0,0,0,0,0,0,0,0,0,0,0,0,0,0,0,0,0,0,0,0,0,0,766,2159,407,22,3350,322,43,75,3793
212031458,0,0,0,0,0,0,0,0,0,0,0,0,0,0,0,0,0,0,0,0,0,0,0,883,2509,684,50,4120,524,78,143,4868
212031555,0,0,0,0,0,0,0,0,0,0,0,0,0,0,0,0,0,0,0,0,0,0,0,517,1939,260,19,2735,336,33,65,3171
212031556,0,0,0,0,0,0,0,0,0,0,0,0,0,0,3,0,0,0,0,0,0,0,7,825,2609,345,48,3828,357,82,129,4403
212031557,0,0,0,0,0,0,0,0,0,0,0,0,0,0,3,3,0,0,7,0,0,0,9,1302,3658,791,77,5824,891,149,235,7104
212031558,0,0,0,0,0,0,0,0,0,0,0,0,0,0,0,0,0,0,0,0,0,0,3,777,1887,399,44,3100,596,72,151,3916
212031559,0,0,0,0,0,0,0,0,0,0,0,0,0,0,0,0,0,0,0,0,0,0,0,504,2172,442,40,3167,313,58,103,3636
212031560,0,0,0,0,0,0,0,0,0,0,0,0,0,0,0,0,0,0,0,4,0,0,5,775,1594,553,54,2977,668,100,164,3909
212031561,0,0,0,0,0,0,0,0,0,0,0,0,0,0,0,0,0,0,0,0,0,0,0,711,1747,569,59,3083,543,130,203,3964
212031562,0,0,0,0,0,0,0,0,0,0,0,0,0,0,4,0,0,0,5,0,0,0,6,783,1762,618,68,3237,785,144,222,4392
212041309,0,0,0,0,0,0,0,0,0,0,0,0,0,0,0,0,0,0,0,0,0,0,0,1023,1571,488,57,3138,803,105,128,4175
212041310,0,0,0,0,0,0,0,0,0,0,0,0,0,0,0,3,0,0,3,3,0,0,8,1164,1522,545,107,3340,1046,403,184,4971
212041312,7,0,0,0,7,3,4,0,0,10,0,0,0,16,0,0,0,0,0,0,0,0,5,1675,2798,1066,105,5647,1604,282,379,7904
212041313,0,0,0,0,0,0,0,0,0,5,31,0,21,52,0,0,0,0,0,0,0,0,0,1018,1527,382,30,2957,759,54,93,3867
212041316,0,0,0,0,0,0,0,0,0,0,0,0,0,0,0,0,0,0,0,3,0,0,8,611,943,355,63,1972,568,85,97,2716
212041317,4,5,0,0,10,3,0,5,0,15,85,0,20,120,0,0,0,0,0,4,3,7,11,1581,2350,984,217,5131,1577,490,324,7519
212041318,3,0,0,0,3,3,0,0,0,3,26,0,7,42,0,0,0,0,0,0,0,0,0,747,1529,652,78,3006,658,139,128,3930
212041459,0,0,0,0,0,0,0,0,0,0,0,0,0,0,0,3,0,0,3,0,0,4,8,1030,1298,551,101,2978,1456,285,275,4994
212041460,0,0,0,0,0,0,3,0,0,3,0,0,0,0,0,0,0,0,0,9,0,0,14,1318,2142,996,147,4601,1471,306,280,6657
212041563,9,4,0,0,10,0,4,6,0,9,4,0,14,24,0,0,4,5,8,12,3,40,58,1405,2097,985,143,4630,2185,535,699,8043
212041564,0,3,0,0,8,12,0,7,0,16,46,0,13,74,0,0,0,0,4,0,0,3,12,522,1006,342,48,1921,794,210,180,3103
212041565,0,0,0,0,0,0,0,0,0,0,0,0,0,3,0,0,0,0,0,0,0,0,3,1189,1881,703,78,3853,851,133,140,4973
212041566,0,0,0,0,0,0,0,0,0,0,0,0,0,0,0,0,0,0,0,0,0,0,0,795,2589,483,45,3904,336,87,81,4412
212051319,3,0,0,0,10,0,0,0,0,3,0,0,4,5,0,0,0,0,6,4,0,0,7,1762,2358,800,120,5036,1805,456,276,7572
212051321,0,0,0,0,0,0,0,0,0,0,0,0,0,0,0,0,0,0,0,0,0,0,0,1845,3154,752,69,5820,1273,210,203,7503
212051322,0,0,0,0,0,0,0,0,0,0,0,0,0,0,0,0,0,0,0,6,3,0,10,1634,2950,801,96,5485,1352,305,299,7434
212051323,0,0,0,0,0,0,0,0,0,0,0,0,0,0,0,0,0,0,0,0,0,0,0,1373,2351,620,71,4419,1067,195,149,5834
212051324,4,0,0,0,3,0,0,0,0,4,0,0,0,3,0,0,0,0,0,0,0,0,0,1660,2758,682,91,5195,1330,272,197,6991
212051325,0,4,0,0,4,0,0,0,0,0,4,0,0,4,5,0,0,0,7,4,0,0,8,1775,2774,759,105,5412,1207,237,173,7029
212051326,3,3,0,0,6,3,0,0,0,3,3,0,4,9,0,0,0,0,4,4,0,6,14,2099,2860,871,153,5993,2002,545,292,8831
212051327,0,0,0,0,0,0,0,0,0,0,0,0,0,0,0,0,0,0,0,0,0,0,0,2137,2806,690,73,5715,1441,117,195,7472
212051567,0,0,0,0,0,0,0,0,0,0,0,0,0,0,0,0,0,0,0,9,0,0,12,658,414,214,105,1387,992,593,228,3200
212051568,0,0,0,0,0,0,0,0,0,0,0,0,6,4,0,0,0,0,0,0,9,0,8,1021,990,350,145,2493,901,781,195,4366
213011328,0,0,0,0,0,0,0,0,0,4,29,0,22,51,0,0,0,0,0,0,0,0,5,641,647,362,70,1720,1009,183,248,3156
213011329,0,0,0,0,0,0,0,0,0,0,0,0,0,0,0,0,0,0,0,3,0,0,5,498,1478,430,41,2446,299,59,99,2908
213011331,0,0,0,0,0,0,0,0,0,0,0,0,0,0,0,0,0,0,0,0,0,0,0,570,1033,439,32,2078,578,49,123,2824
213011332,0,0,0,0,0,0,4,0,0,0,0,0,0,0,0,0,0,0,0,0,0,0,0,1216,1609,710,45,3576,858,84,210,4726
213011333,0,0,0,0,0,0,0,0,0,0,0,0,0,0,0,0,0,0,0,0,0,0,0,994,1626,859,75,3548,800,122,241,4709
213011334,12,3,0,3,23,10,4,3,0,11,6,0,16,34,0,3,4,0,7,3,0,0,15,1448,2051,1175,188,4860,1688,346,610,7506
213011335,5,0,3,4,14,3,3,0,0,5,0,3,18,25,0,4,0,0,3,4,0,0,13,1128,1744,966,151,3986,1204,298,418,5905
213011336,0,0,0,0,0,0,0,0,0,6,0,0,21,24,0,0,0,0,0,4,0,0,4,728,971,456,90,2249,857,259,225,3583
213011337,6,12,0,3,15,4,4,0,0,6,8,0,3,19,9,0,0,0,4,0,0,0,7,715,1334,662,82,2797,856,208,242,4109
213011338,0,0,0,0,0,0,0,0,0,0,0,0,0,0,0,0,0,0,0,5,0,0,10,1387,2056,1034,121,4602,1338,279,309,6527
213011339,0,0,0,0,0,0,0,0,0,0,0,0,0,0,0,0,0,0,0,0,0,0,3,796,1523,594,58,2976,762,106,160,4003
213011340,5,0,0,0,5,0,4,0,0,5,0,0,0,5,0,0,0,0,0,0,0,0,4,1491,2631,599,44,4764,740,68,134,5703
213011569,0,0,0,0,0,0,0,0,0,0,0,0,0,0,0,0,0,0,0,0,0,0,4,1255,2156,910,120,4441,1198,202,368,6218
213011570,0,0,0,0,0,0,0,0,0,0,0,0,0,0,0,0,0,0,0,0,0,5,3,337,1388,303,26,2050,210,56,93,2413
213021341,4,7,0,0,15,4,0,0,0,4,7,0,0,13,0,0,0,0,0,0,0,3,5,1536,1605,549,62,3755,1709,133,217,5811
213021342,0,0,0,0,0,0,0,0,0,0,0,0,0,0,0,0,0,0,3,8,0,0,8,1717,2240,973,90,5022,1921,180,284,7402
213021343,9,0,0,0,12,0,0,0,0,9,4,0,3,14,0,0,0,0,11,0,0,0,8,1363,1695,681,103,3843,1523,171,320,5859
213021344,11,18,3,0,27,3,4,4,0,11,16,3,0,33,0,6,0,0,3,0,0,0,3,1696,2657,680,89,5115,1607,228,255,7196
213021345,0,0,0,0,0,0,0,0,0,0,0,0,0,0,0,0,0,0,0,0,0,0,0,369,771,207,19,1362,258,33,61,1719
213021346,5,0,0,0,7,0,3,3,0,5,0,0,5,11,3,4,0,0,12,12,0,4,22,1567,2173,551,58,4351,1621,99,224,6296
213031347,11,6,0,4,21,0,3,3,0,7,16,0,38,65,0,0,3,0,3,5,0,0,12,1472,1926,982,189,4568,1820,545,432,7357
213031348,27,11,8,4,53,8,10,4,3,27,11,8,4,53,3,0,5,0,5,10,0,5,26,1910,1175,593,164,3839,2772,760,530,7901
213031349,0,0,0,0,0,0,0,0,0,0,0,0,0,0,4,4,4,0,3,0,0,0,9,1323,1431,434,86,3282,1503,284,204,5275
213031350,12,9,5,0,28,9,6,0,0,12,9,5,0,28,0,0,0,0,4,3,0,0,3,942,1171,288,72,2474,1043,221,118,3854
213031351,8,0,5,0,19,7,7,0,0,8,0,5,0,19,0,0,0,0,0,5,0,3,5,1120,1290,425,68,2894,1333,372,280,4881
213031352,41,25,9,3,75,27,3,10,0,41,25,9,3,75,0,0,0,0,0,5,0,0,5,1573,1984,508,82,4152,1528,318,208,6210
213041353,0,3,0,0,6,10,0,0,3,16,16,0,23,60,0,4,0,0,9,0,0,0,10,2382,3128,1103,84,6698,2023,167,323,9209
213041358,0,0,0,0,4,0,0,0,0,0,0,0,0,4,0,0,0,0,3,0,0,0,3,1386,2665,1188,64,5305,1253,153,413,7126
213041359,0,0,0,0,0,7,0,0,0,8,94,4,29,137,6,5,0,0,8,4,0,0,15,954,2453,409,52,3867,623,98,252,4839
213041360,0,0,0,0,0,0,0,0,0,0,0,0,0,0,0,0,0,0,0,0,0,0,5,896,3384,625,45,4952,545,56,142,5694
213041461,0,0,0,0,0,0,0,0,0,0,0,0,0,0,0,0,0,0,0,0,0,0,0,326,901,174,14,1412,315,20,46,1796
213041462,0,0,0,0,0,0,0,0,0,0,0,0,0,0,0,0,0,0,0,0,0,0,0,231,1145,212,19,1609,93,25,38,1762
213041463,0,0,0,0,0,0,0,0,0,0,0,0,0,0,0,0,0,0,0,0,0,0,5,1127,3181,835,64,5205,918,120,241,6486
213041571,0,0,0,0,0,0,0,0,0,0,0,0,0,0,0,0,0,0,3,0,0,0,0,661,1327,431,32,2450,578,43,125,3203
213041572,0,0,0,0,0,0,0,0,0,0,0,0,0,0,4,0,0,0,6,0,0,0,4,456,1202,233,28,1920,234,52,121,2330
213041573,0,0,0,0,0,0,0,0,0,0,0,0,0,0,0,0,0,0,0,0,0,0,0,236,514,74,0,828,103,5,22,956
213041574,0,0,0,0,0,0,0,0,0,0,0,0,0,0,0,5,0,0,3,0,0,0,12,564,1686,375,24,2649,369,37,96,3152
213041575,0,0,0,0,0,0,0,0,0,0,0,0,0,0,0,0,0,0,0,0,0,0,0,978,2628,642,49,4298,617,52,154,5116
213041576,3,0,0,0,3,0,3,0,0,3,3,0,0,7,0,0,0,0,0,0,0,0,0,896,1406,637,46,2991,774,110,188,4059
213041577,0,0,0,0,0,0,0,0,0,0,0,0,0,0,0,0,0,0,0,0,0,0,0,633,705,523,52,1913,990,89,250,3247
213041578,0,0,0,0,0,0,0,0,0,0,0,0,0,0,0,5,0,0,9,0,0,0,8,981,1863,953,81,3873,1231,194,461,5767
213051361,0,0,0,0,4,0,0,0,0,0,0,0,0,7,0,0,0,0,0,5,0,4,3,1465,2459,854,88,4862,1156,162,286,6463
213051362,0,0,0,0,0,0,0,0,0,0,0,0,0,0,0,4,0,0,5,0,0,0,3,1482,2272,903,94,4749,1417,235,336,6737
213051363,3,3,0,0,9,3,0,8,0,15,35,0,30,82,0,0,0,0,0,0,0,4,10,844,1435,402,78,2762,748,277,258,4050
213051368,3,0,0,0,3,11,0,0,0,15,20,0,22,53,0,0,0,0,0,0,0,0,3,1464,2076,686,83,4308,1501,183,333,6325
213051464,0,0,0,0,0,0,0,0,0,0,0,0,0,0,0,0,0,0,0,0,0,0,0,1185,3155,625,58,5024,615,156,264,6061
213051466,0,0,0,0,0,0,0,0,0,0,0,0,0,0,0,0,0,0,0,0,0,0,3,755,3585,532,52,4925,478,134,181,5716
213051467,0,0,0,0,0,0,0,0,0,0,0,0,0,0,0,0,0,0,0,0,0,0,0,1418,2102,1058,126,4706,1833,251,382,7165
213051468,0,0,0,0,0,0,0,0,0,0,0,0,0,4,4,0,0,0,4,6,0,0,6,1794,3028,967,109,5895,1418,216,363,7895
213051579,0,0,0,0,0,0,0,0,0,0,0,0,0,0,0,0,0,0,0,0,0,0,0,559,1845,341,34,2784,261,76,105,3224
213051580,0,0,0,0,0,0,0,0,0,0,0,0,0,0,0,0,0,0,0,0,0,0,0,954,2250,502,33,3735,695,104,155,4690
213051581,0,0,0,0,0,0,0,0,0,0,0,0,0,0,0,0,0,0,0,0,0,0,0,552,1603,300,35,2490,296,74,103,2966
213051582,0,0,0,0,0,0,0,0,0,0,0,0,0,0,0,0,0,0,0,0,0,0,4,503,1691,218,54,2464,263,117,149,2986
213051583,0,0,0,0,0,0,0,0,0,0,0,0,0,0,0,0,0,0,0,3,0,0,6,1209,4617,695,121,6637,752,237,408,8045
213051584,0,0,0,0,0,0,0,0,0,0,0,0,0,0,0,3,0,0,8,0,0,0,8,359,1179,137,35,1721,153,90,124,2084
213051585,0,0,0,0,0,0,0,0,0,0,0,0,0,0,0,0,0,0,0,0,0,0,0,540,1713,376,41,2665,432,81,144,3319
213051586,0,0,0,0,0,0,0,0,0,0,0,0,0,0,0,0,0,0,7,0,0,0,6,476,1365,164,51,2058,205,137,121,2522
213051587,0,0,0,0,0,0,0,0,0,0,0,0,0,0,0,0,0,0,0,0,0,0,5,494,1644,214,41,2399,270,123,109,2896
213051588,0,0,0,0,0,0,0,0,0,0,0,0,0,0,0,0,0,0,0,0,0,0,3,786,2985,522,65,4360,518,233,326,5434
213051589,0,0,0,0,0,0,0,0,0,0,0,0,0,0,0,0,0,0,0,0,0,0,0,579,1237,439,37,2298,391,112,186,2992
213051590,0,0,0,0,0,0,0,0,0,0,0,0,0,0,0,0,0,0,0,0,0,0,0,819,1877,690,53,3439,758,118,182,4501
214011370,5,0,0,0,5,6,0,5,0,11,51,0,26,92,0,0,0,0,5,3,0,0,8,1861,2585,1285,100,5823,2218,257,322,8625
214011371,8,8,0,0,12,3,4,0,0,8,8,0,31,44,4,0,0,0,8,9,0,3,18,2138,2106,1454,115,5809,3528,392,661,10389
214011372,6,0,0,0,5,0,7,0,0,6,0,0,4,6,0,4,0,0,4,3,0,0,11,1740,1695,1379,115,4920,2371,336,524,8154
214011373,0,0,0,0,0,4,0,0,0,7,22,0,9,38,0,0,0,0,0,7,0,0,3,1869,2523,721,37,5147,1563,110,209,7026
214011374,6,0,0,0,6,9,5,5,5,25,120,6,56,198,0,0,0,0,0,4,0,0,7,2254,3379,1073,72,6782,1975,162,263,9183
214011375,0,3,0,0,4,3,0,3,0,6,36,0,30,67,3,0,0,0,6,4,0,0,6,1617,1817,991,101,4521,2420,245,394,7586
214011376,0,0,0,0,0,0,0,0,0,0,0,0,0,0,0,0,0,0,0,0,0,0,4,1159,2000,537,33,3727,625,76,105,4533
214021377,4,13,0,0,23,18,3,13,0,27,110,0,17,157,0,0,0,0,0,0,0,0,5,1913,1200,571,45,3727,1539,131,403,5787
214021378,0,4,0,0,4,0,0,0,0,0,0,0,0,0,0,0,0,0,0,3,0,0,3,902,595,137,17,1652,500,29,341,2513
214021379,0,0,0,0,0,13,4,8,0,28,36,4,14,79,4,0,0,0,8,4,0,5,14,2654,2391,1116,82,6249,2546,182,545,9522
214021381,0,0,0,0,0,0,0,0,0,0,0,0,0,0,0,4,0,0,5,0,0,0,5,1891,2756,484,15,5152,1058,65,178,6454
214021382,0,0,0,0,0,0,0,0,0,0,0,0,3,3,0,0,0,0,0,6,0,0,3,2182,2631,642,38,5494,1457,68,283,7305
214021383,0,0,0,0,4,13,0,3,0,13,35,0,36,89,0,0,0,0,0,4,0,0,8,2895,1698,696,48,5342,2361,167,1279,9151
214021384,3,0,0,0,0,10,0,0,0,11,36,0,53,99,0,0,4,0,5,4,0,0,8,2920,1861,1168,89,6037,3353,243,698,10328
214021385,0,0,0,0,0,0,0,0,0,5,9,0,0,13,0,0,0,0,0,3,0,0,9,1920,2311,819,54,5108,1616,114,226,7069
214021591,0,0,0,0,0,29,4,4,0,36,91,0,4,137,0,0,0,0,0,0,0,4,7,1451,1793,697,44,3978,1606,122,175,5888
214021592,0,0,0,0,0,0,0,0,0,0,0,0,0,0,3,0,0,0,3,4,0,0,6,1698,818,454,35,3004,1693,69,189,4959
215011386,3,0,0,5,9,3,7,0,0,8,14,0,37,58,0,0,0,0,4,3,3,4,7,940,653,392,43,2023,1099,99,204,3426
215011387,4,0,0,0,4,5,0,0,0,3,6,0,0,9,0,0,0,0,0,0,0,0,0,448,334,88,9,878,334,21,110,1344
215011388,0,0,0,3,8,3,0,0,0,3,6,0,41,54,0,0,0,0,6,3,4,3,10,1913,1735,754,61,4469,2276,213,388,7340
215011389,0,0,0,0,0,0,0,0,0,0,5,0,10,16,0,0,0,0,0,0,0,0,0,433,398,92,6,937,316,17,92,1360
215011390,7,3,0,0,9,8,0,0,0,10,5,0,13,31,3,0,0,0,5,0,0,0,13,940,647,221,32,1836,956,88,166,3046
215011391,3,3,0,0,7,0,0,3,0,3,6,0,12,20,0,0,0,0,0,0,0,0,4,433,307,128,14,884,562,36,97,1580
215011392,3,5,0,0,8,8,3,0,0,11,16,0,60,84,4,0,0,0,3,3,0,3,14,1079,735,308,42,2156,1167,104,296,3733
215011393,0,0,0,0,0,0,0,0,0,0,6,0,0,7,0,0,0,0,0,0,0,0,5,376,237,77,5,690,416,32,132,1266
215011394,9,8,0,0,25,9,0,0,0,17,19,0,13,46,0,0,0,0,0,0,0,0,0,887,525,243,21,1673,992,52,194,2913
215021395,0,0,0,0,3,8,0,0,0,11,17,3,27,63,0,3,0,0,4,0,0,0,9,804,963,226,32,2017,559,48,214,2843
215021396,0,0,0,3,0,7,0,3,0,8,16,0,10,38,0,0,0,0,0,0,0,0,3,531,528,209,11,1287,433,30,157,1909
215021398,0,3,0,0,5,9,0,0,0,12,50,12,39,108,0,0,0,0,0,0,0,0,5,465,341,98,11,920,465,42,204,1627
215021399,0,0,0,5,9,3,3,5,0,12,9,0,35,58,0,0,0,0,0,0,0,0,3,615,656,257,24,1552,590,56,206,2398
215021469,7,3,0,0,13,13,3,0,0,22,23,0,87,125,4,0,0,0,6,16,0,15,42,1758,1465,1062,95,4384,2412,318,669,7785
215021470,0,0,0,0,0,35,0,0,0,37,47,0,67,159,8,5,0,0,16,6,0,7,23,1743,1660,791,62,4256,1712,193,443,6600
215031400,4,4,0,0,15,12,0,0,0,13,18,0,39,66,0,0,0,0,3,3,0,0,9,827,555,191,29,1606,884,65,258,2819
215031401,0,0,0,0,4,3,0,0,0,3,9,0,21,38,8,0,0,0,8,6,0,9,14,985,621,202,22,1828,809,54,212,2903
215031402,0,0,0,0,5,7,0,0,0,15,22,0,42,76,0,0,0,0,7,0,0,0,8,469,318,166,20,976,642,46,130,1794
215031403,3,0,0,0,7,10,4,0,0,17,15,10,45,88,5,0,0,0,9,4,6,17,31,283,325,105,25,736,239,92,192,1262
215031404,7,0,0,0,10,9,3,0,0,11,13,0,45,69,0,5,0,0,8,0,0,4,10,1233,1087,497,49,2869,1332,149,302,4655
215031405,5,6,0,3,12,24,7,4,0,26,41,5,50,125,4,0,0,0,3,5,17,3,27,756,663,183,23,1625,581,95,285,2590
216011406,4,4,0,0,7,29,0,4,0,30,51,3,57,138,0,4,0,0,4,7,0,3,20,1878,1486,725,57,4145,1841,164,351,6501
216011407,0,0,0,0,3,9,5,5,0,15,35,0,8,62,0,0,0,0,0,3,0,0,6,1287,1154,476,31,2947,1287,76,202,4510
216011408,0,0,0,0,4,0,0,0,0,4,7,0,10,18,0,0,0,0,0,4,0,3,4,491,447,129,7,1065,295,27,139,1525
216011409,0,0,0,0,0,8,0,0,0,7,18,0,42,69,0,0,0,0,4,0,0,0,0,527,361,153,21,1055,474,45,113,1689
216011410,3,6,0,0,7,12,3,0,0,14,17,0,16,47,0,0,0,0,5,0,0,0,4,589,333,164,19,1098,567,47,172,1884
216021411,0,0,0,0,0,20,4,0,0,20,22,4,33,79,0,5,0,0,4,0,0,0,8,819,520,270,18,1637,901,92,202,2826
216021412,0,0,0,0,0,5,0,0,0,3,7,0,7,14,0,0,0,0,0,0,0,0,0,370,292,104,11,772,242,24,97,1138
216021413,5,5,0,0,6,12,0,6,0,23,42,0,30,90,5,0,0,0,5,3,0,0,8,1476,1217,514,35,3239,1413,134,372,5153
216021414,4,0,0,0,8,22,4,0,0,25,34,0,32,96,0,0,0,0,0,0,0,4,3,1280,734,335,15,2364,1024,77,212,3672
216031415,6,4,0,5,17,39,4,15,0,57,124,3,170,353,0,0,0,0,0,4,0,0,5,844,663,498,42,2050,1139,104,375,3662
216031416,17,23,0,4,50,22,0,4,0,25,36,0,25,84,0,0,0,0,3,3,0,3,12,1807,2157,899,77,4930,2105,247,537,7822
216031418,0,0,0,0,0,0,0,0,0,0,21,0,0,23,0,0,0,0,0,0,0,0,5,455,495,120,7,1079,271,15,100,1468
216031419,7,13,0,0,21,13,4,4,0,20,47,6,56,134,0,5,0,0,7,3,0,0,10,1164,1114,356,32,2666,1013,100,310,4095
216031593,30,65,0,0,101,31,0,0,0,37,67,0,21,125,0,10,0,0,5,0,0,0,5,916,1253,258,21,2449,501,45,98,3091
216031594,18,44,0,8,70,19,0,0,0,27,55,6,29,110,0,3,0,0,8,5,0,8,22,1493,1476,828,74,3876,1853,266,484,6479
217011420,0,6,0,0,12,11,0,4,0,16,23,3,31,74,4,0,0,0,3,7,0,5,17,1266,837,263,32,2398,1112,84,291,3886
217011421,3,3,0,0,3,4,4,0,0,8,12,0,16,35,0,3,0,0,3,5,0,0,7,1236,982,436,37,2696,1550,93,195,4536
217011422,3,0,0,0,13,11,0,0,0,14,18,3,22,57,0,0,0,0,7,3,0,0,7,1424,1002,536,35,2991,1481,122,284,4877
217011423,0,4,0,0,7,4,5,0,0,8,12,0,14,31,0,0,0,0,0,3,0,0,4,841,656,178,17,1696,785,48,194,2724
217031471,0,0,0,0,0,0,0,0,0,0,0,0,8,9,0,0,0,0,0,0,0,0,0,455,307,132,14,906,516,42,96,1565
217031472,10,0,0,0,11,9,7,0,0,13,40,5,9,64,4,0,0,0,5,5,0,0,8,1354,1211,538,62,3169,1758,199,226,5355
217031473,0,0,0,0,0,0,0,0,0,0,5,0,0,10,0,4,0,0,7,0,0,0,0,726,640,153,16,1533,549,38,154,2276
217031474,3,0,0,0,10,3,0,0,0,3,6,0,9,14,7,0,0,0,4,0,0,0,8,678,503,199,30,1404,725,64,136,2331
217031475,8,0,0,0,3,3,4,0,0,10,0,0,0,13,3,0,0,0,0,0,0,6,11,911,743,241,27,1925,688,60,192,2859
217031476,3,0,0,0,7,9,9,0,0,14,8,0,15,36,4,0,0,0,6,3,0,3,12,550,293,139,8,993,564,43,370,1972
217041477,0,4,0,0,3,5,0,0,0,8,4,0,9,18,4,0,0,0,4,0,0,0,7,790,786,244,31,1843,664,40,182,2725
217041478,3,4,0,0,4,5,0,0,0,5,10,0,22,36,0,0,0,0,0,7,0,0,9,1293,1097,332,28,2749,947,69,282,4051
217041479,0,0,0,0,0,0,0,0,0,0,0,0,0,0,0,0,0,0,3,0,0,0,7,2415,2444,1084,96,6043,2422,244,381,9094
217041480,20,7,0,4,32,31,8,9,4,49,52,4,93,202,8,0,0,0,5,4,0,0,19,1521,1247,537,62,3369,1826,207,367,5765
297979799,0,0,0,0,0,0,0,0,0,0,0,0,0,0,0,0,0,0,0,0,0,0,0,0,0,0,0,0,0,0,0,0
299999499,0,0,0,0,0,0,0,0,0,0,0,0,0,0,0,0,0,0,0,0,0,0,0,0,0,0,0,0,0,0,0,0
